Model,MAE
GBM + LSTM,22.653288630597054
GBM + CNN,19.056161881790864
LSTM + CNN,49.01539486994346
