Model,MAE
GBM,23.893308317800457
LSTM,56.18979807217916
CNN,39.55398477911949
Meta (Adaptive),31.32195773478121
